Optimizer,objfname,ExecutionTime,Iter1,Iter2,Iter3,Iter4,Iter5,Iter6,Iter7,Iter8,Iter9,Iter10,Iter11,Iter12,Iter13,Iter14,Iter15,Iter16,Iter17,Iter18,Iter19,Iter20,Iter21,Iter22,Iter23,Iter24,Iter25,Iter26,Iter27,Iter28,Iter29,Iter30,Iter31,Iter32,Iter33,Iter34,Iter35,Iter36,Iter37,Iter38,Iter39,Iter40,Iter41,Iter42,Iter43,Iter44,Iter45,Iter46,Iter47,Iter48,Iter49,Iter50
WOA,F1,1.36,64700.37,57471.32,45813.41,32930.01,26532.08,20920.52,16107.7,11895.5,9058.01,6331.47,4839.56,3490.9,2652.14,1953.04,1533.52,1034.57,712.12,502.69,375.13,258.44,198.58,140.06,83.68,52.82,33.36,20.59,13.17,8.23,4.84,2.58,1.5,1.04,0.65,0.41,0.24,0.17,0.11,0.07,0.05,0.03,0.02,0.02,0.01,0.01,0.01,0.0,0.0,0.0,0.0,0.0
WOA,F2,1.28,13315998671861.79,202842626393.26,6403629003.46,994008795.41,214866604.23,71185.74,4432.83,57.91,42.89,35.58,25.9,21.61,17.92,14.1,11.51,9.13,6.85,5.29,4.32,3.52,2.84,2.19,1.76,1.44,1.08,0.83,0.59,0.39,0.31,0.24,0.18,0.13,0.09,0.07,0.05,0.04,0.03,0.02,0.02,0.01,0.01,0.01,0.01,0.0,0.0,0.0,0.0,0.0,0.0,0.0
WOA,F3,1.63,140565.94,133942.47,125260.18,123617.74,120647.59,119981.61,119509.97,119317.83,119235.31,118889.41,118618.96,118343.31,118247.84,117948.37,117733.23,117527.89,117274.61,116972.69,116675.82,116369.92,115893.42,115735.04,115076.05,114584.42,114026.54,113796.22,113596.88,113349.06,113157.66,112924.88,112557.92,112173.75,111399.01,110539.17,109942.07,109534.23,109010.98,108607.59,108120.64,107675.74,107270.0,107028.71,106394.0,105770.02,105375.38,104950.27,104501.82,104299.66,103901.76,103658.32
WOA,F4,1.34,87.28,85.95,84.7,82.07,80.29,79.23,77.55,76.61,75.72,75.53,75.1,74.7,74.37,74.15,73.84,73.58,73.41,73.32,72.78,72.67,72.61,72.4,72.32,72.24,72.16,72.15,72.11,72.09,71.83,71.78,71.76,71.48,71.44,71.4,71.39,71.34,71.33,71.33,71.32,71.32,71.32,71.31,71.31,71.31,71.31,71.31,71.31,71.23,71.22,71.22
WOA,F5,1.42,248035890.68,220436921.6,173298719.75,115458615.58,83985374.34,52762492.37,32358264.18,22004287.08,14313538.16,7351971.79,4610115.37,2745806.11,1761086.65,1280579.97,991284.32,649200.16,410507.04,227423.2,107954.98,66651.81,24060.99,15284.41,10962.83,7317.4,4497.76,2324.59,1186.15,459.45,312.69,146.7,99.29,65.69,55.22,41.08,36.26,32.86,31.55,30.06,29.62,29.31,29.14,29.05,28.99,28.94,28.91,28.9,28.89,28.88,28.87,28.87
WOA,F6,1.31,69862.3,63731.55,49655.3,34780.86,26261.87,19574.31,14970.87,11666.58,8797.04,6576.31,4830.48,3771.68,2177.72,1626.48,1251.25,868.02,674.03,507.34,331.35,213.48,153.39,113.18,68.57,48.05,34.26,24.23,15.17,10.76,7.63,5.28,4.12,3.54,3.19,2.96,2.82,2.68,2.6,2.51,2.46,2.41,2.4,2.39,2.38,2.37,2.37,2.37,2.36,2.36,2.36,2.36
WOA,F7,1.38,125.2,110.17,82.71,52.8,33.01,25.34,19.53,13.92,8.25,5.29,3.95,2.93,1.92,1.32,1.01,0.69,0.56,0.49,0.43,0.34,0.3,0.25,0.23,0.18,0.16,0.16,0.15,0.13,0.12,0.11,0.1,0.09,0.08,0.07,0.07,0.07,0.07,0.07,0.07,0.07,0.06,0.06,0.06,0.06,0.06,0.06,0.06,0.06,0.06,0.06
WOA,F8,1.33,-2092.01,-3474.94,-5014.04,-5797.44,-6372.6,-7062.71,-7388.85,-7718.0,-8176.07,-8233.67,-8466.02,-8506.33,-8562.41,-8596.61,-8631.97,-8716.41,-8831.85,-8867.74,-8873.24,-8902.06,-8929.15,-8936.54,-8944.73,-8965.05,-8990.67,-9009.72,-9030.63,-9040.76,-9048.57,-9057.55,-9070.37,-9087.56,-9101.69,-9116.83,-9131.18,-9133.54,-9136.65,-9139.61,-9142.08,-9144.6,-9146.44,-9148.54,-9149.85,-9152.93,-9154.13,-9154.28,-9154.33,-9154.56,-9154.85,-9155.17
WOA,F9,1.31,437.28,420.45,393.74,365.77,340.63,323.3,313.19,300.01,278.01,271.59,254.82,245.55,222.25,210.46,199.42,189.79,177.13,165.97,156.26,143.76,135.93,131.25,120.77,111.04,101.44,89.35,78.29,69.04,61.96,54.28,45.7,41.32,38.79,33.11,29.81,28.82,27.01,26.26,23.2,19.44,18.76,17.9,17.15,16.68,15.0,14.29,14.23,14.22,14.21,14.2
WOA,F10,1.43,20.68,20.39,19.76,19.19,18.39,17.57,16.82,15.79,14.9,13.9,12.9,11.74,10.71,9.61,8.83,8.11,7.52,6.81,6.4,5.61,4.94,4.15,3.57,3.02,2.48,2.03,1.69,1.35,1.05,0.86,0.6,0.47,0.31,0.21,0.17,0.12,0.09,0.07,0.05,0.04,0.03,0.02,0.02,0.02,0.02,0.01,0.01,0.01,0.01,0.01
WOA,F11,1.49,604.27,550.85,424.25,323.71,235.65,176.62,134.27,108.18,79.68,55.26,42.14,32.89,24.62,18.12,13.07,10.12,8.21,6.26,4.34,3.54,2.84,2.32,1.81,1.55,1.29,1.17,1.04,0.94,0.85,0.73,0.65,0.56,0.48,0.41,0.35,0.3,0.26,0.23,0.21,0.2,0.18,0.17,0.17,0.17,0.16,0.16,0.16,0.16,0.16,0.15
WOA,F12,1.74,625749786.59,538308734.96,374063920.48,217708229.85,121162149.02,77210329.03,44562968.93,26267647.03,17518392.41,13311662.82,7179496.97,5095732.11,3596435.66,2566320.22,1258125.59,887313.15,508382.7,190396.09,89118.2,26553.1,5418.67,574.38,405.98,307.5,231.93,156.66,61.32,10.62,6.72,5.0,3.76,2.01,1.7,1.51,1.16,0.88,0.78,0.71,0.68,0.66,0.65,0.64,0.57,0.55,0.53,0.52,0.52,0.51,0.51,0.51
WOA,F13,1.65,1103733842.97,998827650.89,758266432.94,439975816.43,244965212.64,168539468.37,106359009.42,67782772.63,47403208.68,36001663.87,27411287.0,17359279.23,14150325.91,9686514.5,4307678.29,2581732.52,1289165.16,409194.06,227818.85,90588.28,23467.14,13628.15,7468.1,4246.17,2552.1,1500.12,913.32,221.37,67.31,55.05,18.84,12.45,5.96,4.88,4.6,3.91,3.41,3.06,2.46,2.02,1.86,1.75,1.64,1.54,1.45,1.39,1.35,1.33,1.33,1.32
WOA,F14,1.43,129.4,52.91,18.86,15.12,13.15,10.52,10.03,8.87,8.09,8.02,7.87,7.81,7.07,6.99,6.64,6.61,6.35,5.83,5.82,5.77,5.42,5.38,5.37,5.37,5.37,5.37,5.37,5.37,5.37,5.37,5.37,5.37,5.37,5.37,5.37,5.37,5.37,5.37,5.37,5.37,5.37,5.37,5.37,5.37,5.37,5.37,5.37,5.37,5.37,5.37
WOA,F15,0.31,0.38,0.09,0.04,0.03,0.02,0.02,0.02,0.02,0.01,0.01,0.01,0.01,0.01,0.01,0.01,0.01,0.01,0.0,0.0,0.0,0.0,0.0,0.0,0.0,0.0,0.0,0.0,0.0,0.0,0.0,0.0,0.0,0.0,0.0,0.0,0.0,0.0,0.0,0.0,0.0,0.0,0.0,0.0,0.0,0.0,0.0,0.0,0.0,0.0,0.0
WOA,F16,0.13,1.14,-0.26,-0.61,-0.8,-0.88,-0.93,-0.96,-0.98,-0.99,-1.01,-1.02,-1.02,-1.02,-1.03,-1.03,-1.03,-1.03,-1.03,-1.03,-1.03,-1.03,-1.03,-1.03,-1.03,-1.03,-1.03,-1.03,-1.03,-1.03,-1.03,-1.03,-1.03,-1.03,-1.03,-1.03,-1.03,-1.03,-1.03,-1.03,-1.03,-1.03,-1.03,-1.03,-1.03,-1.03,-1.03,-1.03,-1.03,-1.03,-1.03
WOA,F17,0.14,2.92,1.71,1.24,1.02,0.91,0.82,0.75,0.73,0.71,0.58,0.55,0.54,0.52,0.51,0.5,0.48,0.48,0.47,0.47,0.47,0.46,0.45,0.45,0.45,0.44,0.44,0.44,0.44,0.44,0.43,0.43,0.43,0.43,0.43,0.43,0.43,0.43,0.43,0.43,0.43,0.43,0.42,0.42,0.42,0.42,0.42,0.42,0.42,0.42,0.42
WOA,F18,0.2,60.18,25.92,18.42,13.08,11.08,9.98,9.61,9.37,9.26,9.18,9.13,8.35,8.02,7.99,7.87,7.73,7.69,7.65,7.59,7.58,7.58,7.09,7.03,6.89,6.87,6.87,6.87,6.87,6.86,6.86,6.85,6.85,6.85,6.85,6.85,6.85,6.85,6.85,6.85,6.85,6.85,6.85,6.85,6.85,6.85,6.85,6.85,6.85,6.85,6.85
WOA,F19,0.38,-3.19,-3.51,-3.57,-3.62,-3.66,-3.69,-3.7,-3.71,-3.72,-3.72,-3.73,-3.74,-3.75,-3.75,-3.75,-3.75,-3.75,-3.75,-3.75,-3.75,-3.75,-3.75,-3.76,-3.76,-3.76,-3.76,-3.76,-3.76,-3.76,-3.76,-3.76,-3.76,-3.76,-3.76,-3.76,-3.76,-3.76,-3.76,-3.76,-3.76,-3.76,-3.76,-3.76,-3.76,-3.76,-3.76,-3.76,-3.76,-3.76,-3.76
WOA2,F1,1.59,66944.01,59177.05,45894.16,29346.58,21043.88,14530.27,9264.43,6494.56,3901.98,2080.92,1247.15,789.75,542.3,297.84,186.94,106.57,59.81,37.66,23.87,13.2,7.64,4.32,2.36,1.34,0.87,0.51,0.31,0.2,0.13,0.08,0.05,0.03,0.02,0.01,0.01,0.0,0.0,0.0,0.0,0.0,0.0,0.0,0.0,0.0,0.0,0.0,0.0,0.0,0.0,0.0
WOA2,F2,1.47,17707998062421.22,178000668562.45,8287124291.08,419526600.07,9347030.69,310.18,37.74,26.79,20.38,14.9,11.7,7.9,6.03,4.51,3.35,2.56,1.91,1.35,0.96,0.68,0.51,0.37,0.27,0.2,0.15,0.12,0.09,0.07,0.05,0.04,0.03,0.02,0.01,0.01,0.01,0.01,0.0,0.0,0.0,0.0,0.0,0.0,0.0,0.0,0.0,0.0,0.0,0.0,0.0,0.0
WOA2,F3,1.62,150818.01,140059.54,124545.4,123064.01,122402.12,121740.83,121293.44,121004.51,120738.27,120496.54,119961.88,119657.51,119485.87,119198.46,118982.5,118575.18,118011.74,117386.44,116737.25,116229.23,115873.04,115606.58,115178.06,114792.06,114460.95,113836.01,113435.39,112877.83,112644.14,112178.88,111765.21,111489.73,111233.41,110990.48,110634.07,110248.96,109994.54,109595.51,109011.35,108443.29,108106.59,107873.13,107394.78,107037.88,106682.8,106373.18,106068.18,105780.44,105483.88,104795.68
WOA2,F4,1.3,88.01,85.68,83.35,79.65,77.99,76.23,74.18,72.75,72.22,71.91,71.65,71.05,70.09,69.23,68.9,68.03,67.47,67.28,66.98,66.69,66.29,66.24,66.22,66.15,65.56,65.42,65.36,65.26,65.12,64.99,64.98,64.96,64.95,64.94,64.93,64.93,64.92,64.92,64.92,64.92,64.92,64.92,64.92,64.89,64.88,64.87,64.87,64.87,64.87,64.87
WOA2,F5,1.48,250446035.79,219466959.74,172175217.26,88025659.12,51686915.47,33706512.24,18202986.65,10330046.02,5264747.73,2330478.49,1081727.81,476694.29,221686.19,125368.13,74700.67,38240.21,20599.2,6074.0,3429.89,1158.85,726.17,399.63,214.8,139.65,94.26,60.62,51.57,40.79,35.89,33.22,31.53,30.47,29.92,29.35,29.05,28.97,28.92,28.89,28.87,28.85,28.84,28.84,28.83,28.83,28.82,28.82,28.82,28.82,28.82,28.81
WOA2,F6,1.42,68794.12,60753.9,43236.55,28231.15,20596.4,14306.55,10123.14,6892.97,4534.86,2658.65,1720.8,1132.98,739.37,410.8,245.45,152.39,102.31,65.67,40.76,24.59,16.57,11.23,8.04,5.71,4.41,3.59,3.14,2.75,2.38,2.25,2.2,2.19,2.17,2.17,2.16,2.15,2.15,2.14,2.14,2.13,2.13,2.13,2.12,2.12,2.12,2.12,2.12,2.12,2.12,2.12
WOA2,F7,1.24,123.99,106.29,76.83,44.9,26.31,14.2,8.49,5.12,2.68,1.32,0.77,0.46,0.35,0.27,0.22,0.18,0.15,0.13,0.11,0.1,0.09,0.09,0.09,0.08,0.08,0.07,0.06,0.06,0.06,0.06,0.06,0.06,0.05,0.05,0.05,0.05,0.05,0.05,0.05,0.05,0.05,0.05,0.05,0.05,0.05,0.05,0.04,0.04,0.04,0.04
WOA2,F8,1.31,-2209.98,-3041.33,-4117.68,-4744.26,-5167.12,-5733.33,-6184.53,-6705.66,-6994.88,-7204.12,-7257.27,-7306.18,-7376.82,-7415.12,-7455.64,-7473.47,-7483.05,-7509.23,-7528.74,-7541.44,-7558.2,-7562.42,-7568.21,-7571.38,-7574.46,-7577.6,-7590.75,-7594.07,-7601.25,-7607.19,-7609.79,-7614.61,-7623.8,-7629.79,-7633.0,-7638.6,-7639.1,-7640.13,-7641.15,-7642.36,-7643.48,-7644.07,-7644.46,-7645.28,-7648.13,-7652.42,-7653.51,-7653.91,-7654.23,-7654.55
WOA2,F9,1.56,441.58,419.82,388.17,366.84,345.05,318.44,297.79,285.08,265.13,249.72,240.81,218.34,198.73,180.32,160.93,149.27,134.52,123.76,116.42,110.15,103.03,98.14,90.13,81.88,71.34,65.69,60.73,58.72,54.11,52.19,51.39,50.62,50.06,49.5,49.4,49.35,49.31,48.96,48.86,48.71,48.68,48.66,48.65,48.63,48.37,47.96,47.95,47.94,47.92,47.91
WOA2,F10,1.71,20.69,20.5,19.82,19.09,18.17,16.95,15.73,14.36,12.57,11.02,9.25,8.08,6.93,5.66,4.79,4.08,3.45,2.77,2.08,1.67,1.29,0.98,0.71,0.52,0.37,0.21,0.15,0.1,0.07,0.05,0.04,0.03,0.02,0.02,0.01,0.01,0.01,0.01,0.01,0.0,0.0,0.0,0.0,0.0,0.0,0.0,0.0,0.0,0.0,0.0
WOA2,F11,1.47,614.26,557.04,425.28,334.91,229.17,154.58,109.58,73.8,46.35,30.16,17.52,12.22,8.08,5.38,3.37,2.57,1.94,1.57,1.32,1.19,1.09,1.02,0.96,0.9,0.83,0.74,0.64,0.56,0.47,0.37,0.3,0.24,0.2,0.18,0.17,0.16,0.16,0.16,0.16,0.16,0.16,0.15,0.15,0.15,0.15,0.15,0.15,0.15,0.15,0.15
WOA2,F12,1.44,568791006.47,459380120.95,326865904.58,189699419.79,125009094.26,59242028.39,29155657.11,17576097.0,7233392.98,3600636.63,1486401.94,640709.27,219460.84,112123.25,18150.8,6058.61,359.7,141.07,23.5,6.32,4.78,3.47,2.61,2.12,1.46,1.19,0.86,0.71,0.6,0.45,0.42,0.41,0.4,0.39,0.39,0.38,0.38,0.38,0.38,0.38,0.38,0.38,0.38,0.38,0.38,0.38,0.38,0.38,0.38,0.38
WOA2,F13,1.45,1091181442.76,999473183.69,772288721.41,399744249.55,260567712.02,159638256.31,90325286.33,33030536.77,16719855.86,9066513.28,5722019.31,4385365.77,2640362.6,872184.08,273163.01,51456.5,28649.03,4278.92,1843.05,1423.11,771.75,625.77,578.8,319.06,2.66,1.94,1.68,1.47,1.36,1.24,1.21,1.2,1.19,1.18,1.17,1.17,1.17,1.17,1.17,1.17,1.17,1.17,1.17,1.17,1.17,1.17,1.17,1.17,1.17,1.17
WOA2,F14,1.3,122.76,46.23,21.54,12.82,11.72,10.1,9.66,9.55,8.77,8.2,7.8,7.64,7.59,7.58,7.57,7.57,7.45,7.45,7.42,7.42,7.39,7.39,7.39,7.39,7.39,7.39,7.39,7.39,7.39,7.39,7.39,7.39,7.39,7.39,7.39,7.39,7.39,7.39,7.39,7.39,7.39,7.39,7.39,7.39,7.39,7.39,7.39,7.39,7.39,7.39
WOA2,F15,0.3,0.24,0.08,0.04,0.03,0.03,0.02,0.02,0.02,0.02,0.01,0.01,0.01,0.01,0.01,0.01,0.01,0.01,0.01,0.01,0.01,0.01,0.01,0.01,0.01,0.01,0.01,0.01,0.01,0.01,0.01,0.01,0.01,0.01,0.01,0.01,0.01,0.01,0.01,0.01,0.01,0.01,0.01,0.01,0.01,0.01,0.01,0.01,0.01,0.01,0.01
WOA2,F16,0.11,0.6,-0.35,-0.68,-0.84,-0.93,-0.98,-1.0,-1.01,-1.02,-1.02,-1.03,-1.03,-1.03,-1.03,-1.03,-1.03,-1.03,-1.03,-1.03,-1.03,-1.03,-1.03,-1.03,-1.03,-1.03,-1.03,-1.03,-1.03,-1.03,-1.03,-1.03,-1.03,-1.03,-1.03,-1.03,-1.03,-1.03,-1.03,-1.03,-1.03,-1.03,-1.03,-1.03,-1.03,-1.03,-1.03,-1.03,-1.03,-1.03,-1.03
WOA2,F17,0.12,2.96,1.45,1.05,0.94,0.88,0.83,0.79,0.74,0.71,0.66,0.61,0.59,0.57,0.56,0.55,0.55,0.54,0.53,0.52,0.52,0.51,0.5,0.49,0.48,0.47,0.47,0.46,0.46,0.46,0.46,0.45,0.45,0.45,0.45,0.44,0.44,0.44,0.44,0.44,0.44,0.43,0.43,0.43,0.43,0.43,0.43,0.43,0.43,0.43,0.43
WOA2,F18,0.12,99.27,35.12,25.68,23.73,22.41,22.01,20.79,20.47,19.56,19.42,19.28,19.04,19.01,18.97,18.95,18.94,18.9,18.9,18.89,18.86,18.86,18.86,18.86,18.86,18.86,18.86,18.86,18.86,18.86,18.86,18.86,18.86,18.86,18.86,18.86,18.86,18.86,18.86,18.86,18.86,18.86,18.86,18.86,18.86,18.86,18.86,18.86,18.86,18.86,18.86
WOA2,F19,0.29,-3.23,-3.5,-3.57,-3.62,-3.64,-3.67,-3.68,-3.7,-3.7,-3.71,-3.71,-3.71,-3.71,-3.71,-3.71,-3.71,-3.71,-3.71,-3.72,-3.72,-3.72,-3.72,-3.72,-3.72,-3.72,-3.72,-3.72,-3.72,-3.72,-3.72,-3.72,-3.72,-3.72,-3.72,-3.72,-3.72,-3.72,-3.72,-3.72,-3.72,-3.72,-3.72,-3.72,-3.72,-3.72,-3.72,-3.72,-3.72,-3.72,-3.72
WOAI,F1,1.34,67483.99,2887.38,145.33,16.66,2.95,0.4,0.09,0.05,0.01,0.0,0.0,0.0,0.0,0.0,0.0,0.0,0.0,0.0,0.0,0.0,0.0,0.0,0.0,0.0,0.0,0.0,0.0,0.0,0.0,0.0,0.0,0.0,0.0,0.0,0.0,0.0,0.0,0.0,0.0,0.0,0.0,0.0,0.0,0.0,0.0,0.0,0.0,0.0,0.0,0.0
WOAI,F2,1.25,3688806467158.47,25.03,5.34,1.76,0.64,0.29,0.1,0.03,0.01,0.01,0.0,0.0,0.0,0.0,0.0,0.0,0.0,0.0,0.0,0.0,0.0,0.0,0.0,0.0,0.0,0.0,0.0,0.0,0.0,0.0,0.0,0.0,0.0,0.0,0.0,0.0,0.0,0.0,0.0,0.0,0.0,0.0,0.0,0.0,0.0,0.0,0.0,0.0,0.0,0.0
WOAI,F3,1.77,143607.95,33537.87,13939.03,6006.63,1171.26,162.95,112.18,35.3,2.57,0.48,0.33,0.24,0.18,0.11,0.02,0.0,0.0,0.0,0.0,0.0,0.0,0.0,0.0,0.0,0.0,0.0,0.0,0.0,0.0,0.0,0.0,0.0,0.0,0.0,0.0,0.0,0.0,0.0,0.0,0.0,0.0,0.0,0.0,0.0,0.0,0.0,0.0,0.0,0.0,0.0
WOAI,F4,1.38,86.7,20.59,4.63,1.02,0.39,0.15,0.06,0.03,0.02,0.01,0.01,0.01,0.0,0.0,0.0,0.0,0.0,0.0,0.0,0.0,0.0,0.0,0.0,0.0,0.0,0.0,0.0,0.0,0.0,0.0,0.0,0.0,0.0,0.0,0.0,0.0,0.0,0.0,0.0,0.0,0.0,0.0,0.0,0.0,0.0,0.0,0.0,0.0,0.0,0.0
WOAI,F5,1.32,236316513.84,467016.96,2161.64,102.75,39.46,34.58,30.24,28.94,28.83,28.81,28.79,28.78,28.77,28.75,28.75,28.75,28.74,28.74,28.74,28.74,28.74,28.73,28.73,28.72,28.72,28.72,28.72,28.71,28.71,28.71,28.71,28.7,28.7,28.7,28.7,28.7,28.7,28.7,28.7,28.7,28.7,28.7,28.7,28.7,28.7,28.7,28.7,28.7,28.7,28.7
WOAI,F6,1.4,71478.04,3111.23,217.81,13.56,4.54,2.6,1.46,1.27,1.05,0.91,0.83,0.74,0.67,0.62,0.58,0.55,0.54,0.51,0.5,0.48,0.45,0.43,0.43,0.42,0.41,0.41,0.41,0.41,0.4,0.4,0.4,0.4,0.4,0.4,0.4,0.4,0.4,0.4,0.4,0.4,0.4,0.4,0.4,0.4,0.4,0.4,0.4,0.4,0.4,0.4
WOAI,F7,1.27,116.38,0.66,0.17,0.09,0.07,0.05,0.03,0.03,0.02,0.02,0.02,0.01,0.01,0.01,0.01,0.01,0.01,0.01,0.01,0.01,0.01,0.01,0.01,0.0,0.0,0.0,0.0,0.0,0.0,0.0,0.0,0.0,0.0,0.0,0.0,0.0,0.0,0.0,0.0,0.0,0.0,0.0,0.0,0.0,0.0,0.0,0.0,0.0,0.0,0.0
WOAI,F8,1.27,-2195.93,-3080.07,-4357.81,-5460.16,-6336.75,-7086.55,-7834.83,-8021.68,-8103.12,-8179.61,-8454.06,-8721.43,-8850.75,-9156.82,-9289.36,-9502.26,-9618.65,-9754.25,-9858.89,-9883.91,-9945.61,-10151.63,-10195.12,-10282.8,-10430.31,-10485.48,-10485.86,-10510.81,-10616.53,-10624.13,-10656.31,-10688.48,-10710.57,-10729.0,-10772.55,-10824.62,-10861.25,-10891.05,-10891.06,-11004.63,-11045.2,-11092.3,-11161.66,-11168.58,-11172.5,-11178.7,-11209.25,-11214.25,-11218.64,-11219.8
WOAI,F9,1.28,437.84,264.18,93.55,6.87,0.79,0.11,0.02,0.0,0.0,0.0,0.0,0.0,0.0,0.0,0.0,0.0,0.0,0.0,0.0,0.0,0.0,0.0,0.0,0.0,0.0,0.0,0.0,0.0,0.0,0.0,0.0,0.0,0.0,0.0,0.0,0.0,0.0,0.0,0.0,0.0,0.0,0.0,0.0,0.0,0.0,0.0,0.0,0.0,0.0,0.0
WOAI,F10,1.33,20.62,11.15,4.19,1.65,0.45,0.13,0.06,0.02,0.01,0.01,0.0,0.0,0.0,0.0,0.0,0.0,0.0,0.0,0.0,0.0,0.0,0.0,0.0,0.0,0.0,0.0,0.0,0.0,0.0,0.0,0.0,0.0,0.0,0.0,0.0,0.0,0.0,0.0,0.0,0.0,0.0,0.0,0.0,0.0,0.0,0.0,0.0,0.0,0.0,0.0
WOAI,F11,1.36,610.56,25.66,2.27,1.1,0.74,0.24,0.08,0.04,0.02,0.0,0.0,0.0,0.0,0.0,0.0,0.0,0.0,0.0,0.0,0.0,0.0,0.0,0.0,0.0,0.0,0.0,0.0,0.0,0.0,0.0,0.0,0.0,0.0,0.0,0.0,0.0,0.0,0.0,0.0,0.0,0.0,0.0,0.0,0.0,0.0,0.0,0.0,0.0,0.0,0.0
WOAI,F12,1.37,556825258.95,33780.29,3.05,0.59,0.28,0.17,0.14,0.12,0.1,0.08,0.07,0.06,0.05,0.04,0.04,0.04,0.04,0.04,0.04,0.04,0.03,0.03,0.03,0.03,0.03,0.03,0.03,0.03,0.03,0.03,0.03,0.03,0.03,0.03,0.03,0.03,0.03,0.03,0.03,0.03,0.03,0.03,0.03,0.03,0.03,0.03,0.03,0.03,0.03,0.03
WOAI,F13,1.57,1169412308.3,361631.75,18.44,2.14,1.48,0.87,0.74,0.66,0.55,0.5,0.43,0.4,0.37,0.35,0.34,0.31,0.3,0.29,0.28,0.28,0.27,0.27,0.27,0.26,0.26,0.26,0.26,0.25,0.25,0.25,0.25,0.25,0.25,0.25,0.25,0.25,0.25,0.25,0.25,0.25,0.25,0.25,0.25,0.25,0.25,0.25,0.25,0.25,0.25,0.25
WOAI,F14,1.52,133.17,64.77,26.57,11.49,9.74,9.12,8.61,8.07,7.81,7.39,7.12,6.76,6.74,6.32,6.07,5.78,5.57,5.57,5.57,5.43,5.43,5.42,5.35,5.18,5.15,5.12,5.12,4.96,4.96,4.96,4.76,4.76,4.76,4.76,4.73,4.73,4.73,4.73,4.73,4.73,4.72,4.72,4.72,4.72,4.72,4.72,4.72,4.72,4.72,4.72
WOAI,F15,0.29,0.23,0.04,0.02,0.01,0.01,0.01,0.0,0.0,0.0,0.0,0.0,0.0,0.0,0.0,0.0,0.0,0.0,0.0,0.0,0.0,0.0,0.0,0.0,0.0,0.0,0.0,0.0,0.0,0.0,0.0,0.0,0.0,0.0,0.0,0.0,0.0,0.0,0.0,0.0,0.0,0.0,0.0,0.0,0.0,0.0,0.0,0.0,0.0,0.0,0.0
WOAI,F16,0.14,0.77,-0.56,-0.69,-0.81,-0.87,-0.91,-0.93,-0.95,-0.97,-0.97,-0.99,-0.99,-0.99,-0.99,-0.99,-1.0,-1.0,-1.0,-1.0,-1.0,-1.0,-1.0,-1.0,-1.0,-1.0,-1.01,-1.01,-1.01,-1.01,-1.01,-1.01,-1.01,-1.01,-1.01,-1.01,-1.01,-1.01,-1.01,-1.01,-1.01,-1.01,-1.01,-1.01,-1.01,-1.01,-1.01,-1.01,-1.01,-1.01,-1.01
WOAI,F17,0.16,2.36,1.56,1.15,1.06,0.97,0.9,0.84,0.81,0.8,0.76,0.73,0.72,0.72,0.7,0.68,0.68,0.61,0.61,0.61,0.6,0.59,0.59,0.59,0.58,0.58,0.58,0.58,0.58,0.58,0.58,0.58,0.58,0.58,0.58,0.58,0.58,0.58,0.58,0.58,0.57,0.57,0.57,0.57,0.57,0.57,0.56,0.56,0.56,0.56,0.56
WOAI,F18,0.14,83.45,30.42,19.65,18.06,14.1,12.26,11.52,10.01,9.65,8.95,8.25,8.19,6.98,6.07,5.35,5.06,4.72,4.67,4.54,4.51,4.45,4.34,4.22,4.21,4.2,4.15,4.13,4.11,4.11,4.1,4.09,4.09,4.08,4.08,4.08,4.08,4.08,4.08,4.07,4.07,4.07,4.07,4.07,4.07,4.07,4.07,4.07,4.07,4.07,4.07
WOAI,F19,0.36,-3.29,-3.33,-3.41,-3.46,-3.53,-3.57,-3.59,-3.61,-3.61,-3.62,-3.62,-3.64,-3.65,-3.65,-3.65,-3.67,-3.67,-3.67,-3.67,-3.69,-3.7,-3.7,-3.7,-3.7,-3.7,-3.71,-3.71,-3.71,-3.72,-3.72,-3.72,-3.72,-3.72,-3.72,-3.73,-3.73,-3.74,-3.74,-3.74,-3.74,-3.74,-3.74,-3.74,-3.74,-3.74,-3.74,-3.74,-3.74,-3.74,-3.74
WOAAC,F1,1.32,69143.75,28285.24,9393.93,2955.84,646.61,159.97,32.66,6.33,2.25,1.7,0.46,0.27,0.24,0.24,0.11,0.11,0.11,0.07,0.06,0.06,0.05,0.05,0.05,0.05,0.05,0.04,0.03,0.03,0.03,0.03,0.03,0.03,0.0,0.0,0.0,0.0,0.0,0.0,0.0,0.0,0.0,0.0,0.0,0.0,0.0,0.0,0.0,0.0,0.0,0.0
WOAAC,F2,1.43,2604257750259.56,75907325.2,60.64,18.55,8.1,3.68,1.64,0.6,0.25,0.12,0.07,0.04,0.02,0.02,0.02,0.02,0.02,0.01,0.01,0.01,0.01,0.01,0.01,0.01,0.01,0.01,0.01,0.01,0.01,0.01,0.01,0.01,0.0,0.0,0.0,0.0,0.0,0.0,0.0,0.0,0.0,0.0,0.0,0.0,0.0,0.0,0.0,0.0,0.0,0.0
WOAAC,F3,1.74,136718.99,99134.69,57609.05,31378.0,13620.25,8831.29,6835.09,6543.84,6389.7,5855.06,5333.22,5145.66,5124.73,4807.18,4792.22,4792.22,4617.02,3576.96,3345.29,3323.23,3163.4,3120.4,3027.59,2950.47,2658.67,2587.35,2533.03,2508.75,2508.75,2482.45,2471.27,2088.85,1619.77,1619.77,1610.52,1535.85,1502.65,1502.65,1492.41,1492.41,1492.41,1486.16,1483.96,1483.96,1362.58,1340.4,1335.79,1335.79,1316.82,1107.04
WOAAC,F4,1.26,87.37,58.86,36.74,22.24,11.54,6.97,5.08,2.73,1.59,1.17,0.76,0.61,0.45,0.38,0.35,0.3,0.21,0.18,0.17,0.15,0.13,0.1,0.09,0.09,0.09,0.08,0.08,0.08,0.08,0.06,0.06,0.05,0.05,0.05,0.05,0.05,0.04,0.04,0.04,0.04,0.03,0.02,0.02,0.02,0.02,0.02,0.02,0.02,0.02,0.02
WOAAC,F5,1.12,256943570.16,48674379.52,7391818.2,805565.3,62151.7,7560.46,1212.44,322.44,132.56,54.93,43.2,38.68,33.57,31.96,30.7,29.23,29.21,28.62,28.44,28.05,28.03,27.21,27.21,27.18,25.64,23.37,22.52,21.55,20.61,19.76,19.76,18.26,18.26,17.45,17.45,16.84,16.83,16.25,14.75,14.75,13.8,13.69,13.52,13.26,12.37,12.37,11.43,11.43,10.79,10.77
WOAAC,F6,1.1,65483.19,25252.26,9315.5,2605.85,509.43,137.83,44.05,8.99,5.69,4.88,4.32,3.85,3.79,3.54,3.34,3.31,3.05,2.67,2.41,2.34,2.28,2.2,1.95,1.74,1.72,1.64,1.46,1.43,1.43,1.33,1.25,1.24,1.17,1.14,1.04,0.89,0.89,0.88,0.79,0.78,0.76,0.74,0.7,0.69,0.67,0.64,0.64,0.63,0.58,0.57
WOAAC,F7,1.11,116.33,24.22,4.32,0.73,0.14,0.08,0.05,0.04,0.04,0.03,0.03,0.03,0.03,0.03,0.03,0.03,0.02,0.02,0.02,0.02,0.02,0.02,0.02,0.02,0.02,0.02,0.02,0.02,0.02,0.02,0.02,0.02,0.02,0.02,0.02,0.02,0.02,0.02,0.02,0.02,0.02,0.02,0.02,0.02,0.02,0.02,0.02,0.02,0.02,0.02
WOAAC,F8,1.1,-2333.31,-3569.16,-4738.19,-5689.42,-6731.94,-6775.43,-7197.48,-8032.92,-8401.92,-8708.71,-8780.55,-9063.05,-9175.79,-9332.68,-9360.13,-9493.62,-9523.93,-9526.39,-9526.39,-9526.39,-9526.39,-9526.39,-9526.39,-9529.64,-9529.64,-9529.64,-9530.33,-9609.19,-9609.19,-9614.54,-9617.25,-9624.81,-9624.81,-9624.81,-9627.42,-9627.42,-9652.72,-9652.72,-9652.72,-9652.84,-9677.79,-9683.16,-9683.16,-9683.16,-9684.66,-9689.52,-9689.52,-9689.52,-9717.85,-9724.63
WOAAC,F9,1.08,446.0,356.51,283.92,166.94,71.34,35.27,9.47,3.74,2.15,0.73,0.36,0.34,0.31,0.3,0.29,0.1,0.09,0.08,0.08,0.05,0.05,0.01,0.01,0.01,0.01,0.0,0.0,0.0,0.0,0.0,0.0,0.0,0.0,0.0,0.0,0.0,0.0,0.0,0.0,0.0,0.0,0.0,0.0,0.0,0.0,0.0,0.0,0.0,0.0,0.0
WOAAC,F10,1.13,20.66,18.68,15.45,10.3,5.75,3.34,1.19,0.55,0.22,0.11,0.09,0.05,0.05,0.04,0.03,0.02,0.02,0.02,0.02,0.01,0.01,0.01,0.01,0.01,0.01,0.01,0.01,0.01,0.01,0.01,0.01,0.01,0.01,0.01,0.01,0.0,0.0,0.0,0.0,0.0,0.0,0.0,0.0,0.0,0.0,0.0,0.0,0.0,0.0,0.0
WOAAC,F11,1.17,628.28,258.13,92.56,22.12,5.35,2.1,1.07,0.78,0.59,0.48,0.38,0.28,0.2,0.16,0.15,0.13,0.12,0.11,0.07,0.06,0.05,0.03,0.02,0.02,0.02,0.02,0.02,0.02,0.02,0.02,0.02,0.02,0.02,0.02,0.02,0.02,0.02,0.02,0.02,0.02,0.02,0.02,0.02,0.02,0.01,0.01,0.01,0.01,0.01,0.01
WOAAC,F12,1.2,578519255.57,68394714.03,3196590.75,74187.39,10.55,3.39,1.3,0.79,0.68,0.63,0.59,0.56,0.54,0.53,0.51,0.46,0.39,0.35,0.33,0.29,0.24,0.22,0.22,0.21,0.18,0.16,0.15,0.14,0.13,0.13,0.13,0.12,0.12,0.11,0.11,0.1,0.1,0.1,0.1,0.09,0.08,0.08,0.06,0.06,0.04,0.03,0.03,0.03,0.03,0.03
WOAAC,F13,1.2,1118646610.55,153574334.38,13283682.0,673344.44,3177.04,10.79,3.5,2.09,1.61,1.51,1.44,1.39,1.29,1.24,1.08,1.05,0.99,0.91,0.82,0.76,0.74,0.7,0.61,0.59,0.53,0.47,0.46,0.44,0.42,0.39,0.37,0.36,0.34,0.33,0.33,0.3,0.29,0.29,0.27,0.27,0.24,0.23,0.21,0.2,0.19,0.19,0.17,0.17,0.17,0.15
WOAAC,F14,1.08,126.0,54.89,18.26,10.63,8.81,8.35,8.16,7.78,7.15,6.99,6.96,6.85,6.73,6.54,6.49,6.49,6.3,6.28,6.08,5.79,5.75,5.74,5.74,5.74,5.74,5.74,5.74,5.74,5.74,5.74,5.74,5.74,5.62,5.62,5.62,5.62,5.62,5.62,5.62,5.62,5.62,5.62,5.62,5.62,5.62,5.46,5.46,5.46,5.46,5.46
WOAAC,F15,0.23,0.27,0.08,0.02,0.01,0.01,0.01,0.01,0.01,0.01,0.01,0.01,0.01,0.01,0.01,0.01,0.01,0.01,0.01,0.01,0.01,0.01,0.01,0.01,0.01,0.01,0.01,0.01,0.01,0.01,0.01,0.01,0.01,0.01,0.01,0.01,0.01,0.01,0.01,0.01,0.01,0.01,0.01,0.01,0.01,0.01,0.01,0.01,0.01,0.01,0.01
WOAAC,F16,0.1,0.37,-0.61,-0.8,-0.9,-0.92,-0.95,-0.95,-0.95,-0.95,-0.95,-0.96,-0.96,-0.96,-0.96,-0.96,-0.96,-0.96,-0.97,-0.97,-0.97,-0.97,-0.97,-0.97,-0.98,-0.98,-0.98,-0.98,-0.98,-0.98,-0.98,-0.98,-0.98,-0.98,-0.98,-0.99,-0.99,-0.99,-0.99,-0.99,-0.99,-0.99,-0.99,-0.99,-0.99,-0.99,-0.99,-1.0,-1.0,-1.0,-1.0
WOAAC,F17,0.1,2.58,1.93,1.79,1.41,1.33,1.27,1.26,1.25,1.2,1.2,1.2,1.19,1.19,1.19,1.19,1.19,1.19,1.19,1.19,1.19,1.19,1.19,1.19,1.19,1.19,1.19,1.19,1.19,1.19,1.19,1.19,1.19,1.19,1.19,1.19,1.18,1.18,1.18,1.18,1.18,1.18,1.18,1.18,1.17,1.17,1.17,1.17,1.17,1.17,1.17
WOAAC,F18,0.11,81.67,29.17,18.73,15.58,14.95,14.72,13.02,12.99,12.98,12.98,12.92,12.92,12.62,12.55,12.55,12.53,12.33,12.29,12.02,12.02,11.87,11.87,11.87,11.87,11.87,11.87,11.87,11.77,11.77,11.77,11.77,11.77,11.75,11.64,11.64,11.64,11.57,11.57,11.57,11.5,11.49,11.45,11.42,11.4,11.4,11.32,11.32,11.28,11.28,11.28
WOAAC,F19,0.26,-3.31,-3.48,-3.52,-3.53,-3.54,-3.55,-3.55,-3.56,-3.56,-3.56,-3.56,-3.56,-3.56,-3.56,-3.56,-3.56,-3.56,-3.56,-3.56,-3.56,-3.56,-3.56,-3.56,-3.57,-3.57,-3.57,-3.57,-3.57,-3.57,-3.57,-3.57,-3.57,-3.57,-3.57,-3.57,-3.57,-3.57,-3.57,-3.57,-3.57,-3.57,-3.57,-3.57,-3.57,-3.57,-3.57,-3.57,-3.57,-3.57,-3.57
WOAC,F1,1.05,67419.23,60686.85,48634.44,36157.84,27265.85,19906.16,14947.0,11529.09,8896.76,6505.44,5031.36,3682.21,2664.32,2271.57,1706.47,1224.92,947.04,672.54,422.53,305.69,242.38,154.16,94.58,62.01,39.21,27.98,16.47,11.51,5.6,3.81,2.13,1.25,0.81,0.44,0.26,0.16,0.08,0.06,0.04,0.02,0.01,0.01,0.01,0.0,0.0,0.0,0.0,0.0,0.0,0.0
WOAC,F2,1.07,7753412625019.69,159518394206.11,12157568551.21,338808025.12,9035409.08,14173.89,130.95,122.66,37.79,29.5,22.66,18.33,14.79,12.4,10.24,8.43,6.68,5.42,4.51,3.73,2.99,2.45,1.72,1.36,1.09,0.81,0.59,0.44,0.34,0.26,0.2,0.13,0.11,0.08,0.06,0.05,0.03,0.03,0.02,0.02,0.01,0.01,0.01,0.01,0.01,0.0,0.0,0.0,0.0,0.0
WOAC,F3,1.32,137543.84,133014.48,123302.83,118396.16,117306.23,116827.69,116245.04,115877.96,115669.61,115539.8,115269.96,114883.98,114614.77,114090.71,113767.03,113512.22,113340.81,113144.19,112612.34,112249.81,112090.97,111771.23,111017.65,110628.6,110099.21,109809.6,109581.14,109321.05,109046.6,108649.72,107323.84,106695.67,106083.12,105166.0,104909.21,104613.8,104358.88,103995.4,103669.38,103258.86,103060.42,102325.69,101988.42,101665.11,101429.19,101131.7,100911.64,100691.08,100417.65,100152.26
WOAC,F4,1.04,87.33,85.81,83.91,81.1,80.01,78.99,78.52,77.49,76.64,75.08,74.56,73.11,72.37,70.9,70.28,69.46,68.98,68.78,68.6,68.39,68.36,68.09,67.59,67.39,67.17,66.91,66.68,65.85,65.81,65.62,65.51,65.34,65.29,65.28,65.26,65.16,65.05,64.97,64.86,64.86,64.75,64.74,64.72,64.72,64.72,64.72,64.71,64.71,64.71,64.71
WOAC,F5,1.06,255758189.6,230945557.68,183439927.64,112750362.64,72407768.23,46931896.0,31952404.62,21224399.55,14238664.4,9020546.7,5263280.15,3144995.42,2068340.08,1255265.48,880065.68,646148.39,459428.26,244630.85,124180.35,83204.12,42847.34,30579.03,19801.59,13058.74,6321.22,2044.89,1001.94,551.93,322.38,195.21,117.24,72.94,53.19,43.26,39.2,34.76,32.72,30.96,30.39,29.81,29.55,29.23,29.09,29.01,28.97,28.93,28.91,28.9,28.88,28.88
WOAC,F6,1.05,66718.42,62135.48,50941.51,39566.57,29783.14,24798.25,17992.46,12637.31,9721.73,7783.93,5641.17,3878.3,2963.56,2117.12,1442.16,1075.25,820.33,620.92,449.38,323.43,197.61,134.85,85.98,60.59,33.59,19.64,12.64,8.87,6.66,4.8,3.58,2.96,2.74,2.56,2.42,2.36,2.29,2.26,2.24,2.23,2.22,2.22,2.21,2.21,2.2,2.2,2.2,2.2,2.19,2.19
WOAC,F7,1.04,120.67,105.65,78.83,52.97,36.25,27.59,20.97,14.83,10.94,7.72,5.84,4.24,3.34,2.57,1.69,1.27,0.87,0.76,0.63,0.45,0.3,0.23,0.19,0.16,0.15,0.14,0.13,0.12,0.11,0.11,0.11,0.1,0.1,0.09,0.08,0.08,0.08,0.08,0.07,0.07,0.07,0.07,0.07,0.07,0.07,0.07,0.07,0.07,0.07,0.07
WOAC,F8,1.05,-2093.98,-3310.31,-4606.13,-5445.22,-5913.39,-6641.67,-7298.96,-7440.2,-7611.75,-7701.7,-7734.59,-7861.54,-7903.5,-8018.58,-8080.74,-8103.27,-8118.16,-8147.31,-8291.42,-8332.48,-8375.61,-8393.67,-8415.02,-8439.64,-8463.45,-8490.26,-8501.55,-8538.21,-8583.17,-8611.87,-8620.83,-8632.95,-8640.08,-8649.31,-8660.28,-8661.7,-8663.73,-8666.57,-8668.38,-8670.4,-8671.85,-8674.6,-8675.26,-8676.9,-8679.55,-8679.98,-8680.94,-8681.46,-8682.02,-8682.34
WOAC,F9,1.04,444.92,424.22,404.0,381.13,363.51,347.5,321.28,305.7,294.76,284.55,278.44,268.4,254.85,247.7,232.96,218.2,192.07,183.34,168.39,159.62,146.59,134.27,125.66,112.4,97.34,81.26,70.21,61.09,53.68,44.93,41.96,40.96,38.76,37.31,36.9,36.22,35.75,35.46,35.14,33.72,33.12,32.82,31.69,31.39,31.21,31.11,31.08,31.04,31.03,31.01
WOAC,F10,1.11,20.66,20.39,19.6,18.73,17.77,16.56,15.72,14.79,13.7,12.6,11.75,10.6,9.64,9.07,8.19,7.42,6.61,5.96,5.02,4.35,3.78,3.28,2.77,2.24,1.75,1.36,1.02,0.77,0.6,0.48,0.37,0.27,0.17,0.13,0.09,0.06,0.05,0.04,0.03,0.02,0.02,0.02,0.01,0.01,0.01,0.01,0.01,0.01,0.01,0.0
WOAC,F11,1.12,610.08,552.49,421.21,332.68,238.98,188.37,138.32,93.33,69.63,56.2,45.2,32.53,23.28,16.86,11.05,8.1,6.34,4.99,3.91,2.92,2.26,1.89,1.55,1.38,1.23,1.09,0.99,0.93,0.88,0.8,0.72,0.62,0.54,0.47,0.4,0.34,0.28,0.25,0.23,0.19,0.19,0.18,0.17,0.17,0.17,0.17,0.17,0.17,0.16,0.16
WOAC,F12,1.15,572368835.94,523962644.39,362223191.68,208476244.92,128784345.44,77471420.39,58409991.44,38251997.78,23458542.9,12790907.78,7813490.15,4392043.27,2990299.54,1499266.21,740191.63,367587.02,175301.04,119950.17,73437.12,59723.09,39483.26,16562.27,3750.92,2459.83,458.41,250.36,144.25,73.46,6.48,3.46,2.79,1.72,1.22,1.01,0.88,0.71,0.64,0.56,0.5,0.48,0.44,0.44,0.43,0.43,0.43,0.43,0.42,0.42,0.42,0.42
WOAC,F13,1.17,1031036857.47,869149660.7,654910113.42,416520334.71,291229594.15,188281208.95,105292900.92,56063921.52,37431109.4,20685362.66,13143105.11,8870825.06,6656747.34,3154213.46,901854.6,395618.04,219917.61,98402.65,75209.55,43402.96,15144.21,9965.1,7795.7,3183.53,1137.84,310.08,74.17,9.6,5.56,4.09,3.01,2.55,2.1,1.95,1.63,1.5,1.41,1.37,1.33,1.31,1.28,1.27,1.26,1.26,1.25,1.25,1.25,1.25,1.25,1.25
WOAC,F14,1.09,155.66,45.35,23.9,12.93,11.18,10.92,10.08,9.86,9.49,8.71,7.94,7.57,7.56,7.29,7.05,6.9,6.68,6.63,6.62,6.28,6.27,6.27,6.07,6.03,6.03,6.01,6.01,6.01,6.01,6.0,6.0,6.0,6.0,6.0,6.0,6.0,6.0,6.0,6.0,6.0,6.0,6.0,6.0,5.69,5.53,5.52,5.52,5.52,5.21,5.21
WOAC,F15,0.23,0.22,0.06,0.04,0.04,0.03,0.02,0.02,0.02,0.01,0.01,0.01,0.01,0.01,0.01,0.01,0.0,0.0,0.0,0.0,0.0,0.0,0.0,0.0,0.0,0.0,0.0,0.0,0.0,0.0,0.0,0.0,0.0,0.0,0.0,0.0,0.0,0.0,0.0,0.0,0.0,0.0,0.0,0.0,0.0,0.0,0.0,0.0,0.0,0.0,0.0
WOAC,F16,0.09,1.03,-0.21,-0.45,-0.66,-0.76,-0.81,-0.85,-0.9,-0.92,-0.93,-0.95,-0.97,-0.99,-0.99,-1.0,-1.0,-1.02,-1.03,-1.03,-1.03,-1.03,-1.03,-1.03,-1.03,-1.03,-1.03,-1.03,-1.03,-1.03,-1.03,-1.03,-1.03,-1.03,-1.03,-1.03,-1.03,-1.03,-1.03,-1.03,-1.03,-1.03,-1.03,-1.03,-1.03,-1.03,-1.03,-1.03,-1.03,-1.03,-1.03
WOAC,F17,0.1,3.06,1.87,1.35,0.97,0.85,0.78,0.73,0.72,0.7,0.68,0.66,0.55,0.54,0.53,0.52,0.52,0.51,0.51,0.5,0.5,0.49,0.47,0.43,0.42,0.42,0.42,0.41,0.41,0.41,0.41,0.41,0.41,0.41,0.41,0.41,0.41,0.41,0.41,0.41,0.41,0.41,0.41,0.4,0.4,0.4,0.4,0.4,0.4,0.4,0.4
WOAC,F18,0.11,67.59,28.56,19.27,18.24,16.23,14.52,12.35,10.04,9.39,8.64,7.71,7.32,7.02,6.98,6.9,6.89,6.86,6.82,6.81,6.81,6.8,6.8,6.79,6.79,6.79,6.79,6.79,6.79,6.79,6.78,6.78,6.78,6.78,6.78,6.78,6.78,6.78,6.78,6.78,6.78,6.78,6.78,6.78,6.78,6.78,6.78,6.78,6.78,6.78,6.78
WOAC,F19,0.25,-3.3,-3.55,-3.63,-3.68,-3.71,-3.73,-3.74,-3.75,-3.75,-3.76,-3.77,-3.77,-3.77,-3.77,-3.77,-3.78,-3.78,-3.78,-3.78,-3.78,-3.78,-3.78,-3.78,-3.78,-3.78,-3.78,-3.79,-3.79,-3.79,-3.79,-3.79,-3.79,-3.79,-3.79,-3.79,-3.79,-3.79,-3.79,-3.79,-3.79,-3.79,-3.79,-3.79,-3.79,-3.79,-3.79,-3.79,-3.79,-3.79,-3.79
